battery,cycle,v_mean,v_min,v_max,v_std,i_mean,i_std,t_mean,t_min,t_max,t_std,discharge_duration,delta_v
B0005,2,3.532781069916797,2.612467347907089,4.191491807505295,0.2359523925903489,-1.8373602406777925,0.5685747737007243,32.536890917131714,24.325993424022467,38.98218133148803,3.49600635831694,3690.234,1.5790244595982057
B0005,4,3.542967988335518,2.587208728940726,4.188881380279099,0.22725644626032657,-1.8749998287581242,0.5089299054251025,32.643595085177715,24.685948163596,39.03339796678704,3.349390257453495,3655.672,1.6016726513383732
B0005,6,3.5530561298298746,2.65191689384378,4.188186735991303,0.22521803735122364,-1.8741815696228923,0.5101954557207655,32.522525617288935,24.7342661639544,38.81879668981741,3.3619156807230675,3631.203,1.5362698421475236
B0005,8,3.545848520169726,2.592947964776547,4.188461118855572,0.22610114146560056,-1.864037344048195,0.5266493566824428,32.492082733461324,24.65423646922845,38.67251117886956,3.338197252986461,3631.563,1.5955131540790246
B0005,10,3.5444560561341745,2.547419651124539,4.188298524761055,0.23018923008355902,-1.8645757734059076,0.5266076023013043,32.36861157501472,24.524796959348127,38.5588283762414,3.354728024238194,3588.563,1.6408788736365159
B0005,12,3.555518011319956,2.5209480504077413,4.188815807948604,0.23444224193069943,-1.8945817964784624,0.474405694545535,32.25124161987058,24.51442664842638,38.75169504640032,3.3716398718307707,3652.281,1.6678677575408627
B0005,14,3.5503917403773095,2.487927319492314,4.18839163793879,0.23891746831462632,-1.8646254284434296,0.5266774464790951,32.36619211449594,24.575581239008407,38.8207012322275,3.390571679275831,3650.828,1.700464318446476
B0005,16,3.5574364512144108,2.665204904745877,4.188023389493804,0.22114058906884912,-1.8939547080843224,0.47562005374631916,32.36748861666198,24.71132429046902,38.51713023385634,3.3026995313814913,3535.312,1.5228184847479267
B0005,18,3.5534969394692286,2.603858472633368,4.189029250882121,0.22680283902315612,-1.8837619852720142,0.49407855150871155,32.339648365008244,24.63521163332469,38.526267904657,3.3255156444677683,3550.594,1.5851707782487532
B0005,20,3.557887851734781,2.552853984885676,4.189223427076418,0.23537235481653973,-1.893487148309874,0.4754552046291659,32.191180466128756,24.561560340089137,38.52698128472781,3.3763685926619504,3531.032,1.636369442190742
B0005,22,3.556347543611306,2.472448301852732,4.188916055911241,0.24145935532919224,-1.9036917204745172,0.4558465951535203,32.0681281788752,24.43128509546442,38.54143406601644,3.4088206313601312,3510.078,1.7164677540585087
B0005,25,3.560471978306512,2.64956413267546,4.189876247266316,0.2230880061059879,-1.903523793254642,0.4572145277868965,32.347660087219026,24.7443285138996,38.52197451768004,3.306461113706378,3491.016,1.5403121145908556
B0005,27,3.560356687760622,2.5724981777366227,4.188451561772066,0.2286465104384634,-1.924011464015785,0.4134211938390326,32.283606892877664,24.733107699311518,38.582485834057856,3.318692310070881,3453.531,1.6159533840354432
B0005,29,3.5664311859014575,2.5249886697730286,4.188837765892728,0.23240467861687802,-1.934571869525214,0.388818078491097,32.01589604581678,24.44798340505406,38.52029413487392,3.371024808789028,3470.0,1.6638490961196997
B0005,31,3.565634950208217,2.694621861688723,4.189110301768517,0.21619823922968445,-1.9233954496170993,0.4144425821155328,32.00004598138285,24.47211924021532,38.16868880096884,3.290147817149588,3450.297,1.494488440079794
B0005,33,3.559994137027421,2.64010141737067,3.987722040455941,0.21778423588900805,-1.9450783432068477,0.36288392763773564,31.934592080993266,24.38409050201678,38.1983618706913,3.2844356896165303,3393.625,1.347620623085271
B0005,35,3.5586133415017773,2.573903509838096,4.188899969428112,0.22899404171182505,-1.9237956563674354,0.41440628260814333,31.95811723407336,24.3625933569109,38.31926916027133,3.364612650922966,3409.484,1.6149964595900164
B0005,37,3.5591189041401865,2.4942396831720126,4.188779799856791,0.23939502329865417,-1.9133470605822436,0.4370967010164596,31.96500864547673,24.382419922756025,38.4787542519308,3.4242153902176304,3390.422,1.6945401166847782
B0005,39,3.5642783686164012,2.4556793246645583,4.189272591516219,0.23896998098317707,-1.9452487155961953,0.36293242548844534,31.87500939217925,24.355030419469987,38.54659017774874,3.3976507117721475,3390.281,1.7335932668516607
B0005,42,3.5632435756209606,2.632142800798914,4.187614060563439,0.22692974538226668,-1.9050100540014827,0.45370228577122323,32.24684640816458,24.54942444728521,38.40348293513608,3.3170734702994387,3591.734,1.5554712597645248
B0005,46,3.559804801759603,2.5027764692056795,4.187628781108399,0.23529105219738902,-1.9358537195481118,0.3856709462718508,32.62250010726093,24.92210633449132,38.992275791716615,3.3496515809487035,3531.906,1.68485231190272
B0005,50,3.5614876690927493,2.617507742871704,4.187447226312926,0.23048780720984025,-1.8938944510510094,0.47436515749897734,32.2641076259887,24.56596639952811,38.51424197364312,3.3744907203272194,3531.578,1.5699394834412224
B0005,54,3.564026339240492,2.694074478000972,4.187344026387161,0.21799424356401706,-1.924398562511463,0.41226863415991966,31.948491054200577,24.21658146702539,38.165816144899125,3.339960367028486,3492.907,1.493269548386189
B0005,58,3.559694165479913,2.6237674644021887,3.9858626870028,0.21482395502252977,-1.9350422890280783,0.3876768025748265,31.85540777072931,24.118794641964104,38.1130812025911,3.295978829450579,3476.0,1.3620952226006113
B0005,62,3.5575955020525787,2.5010798299873738,4.18774138117799,0.23364976669940907,-1.935001805130039,0.38760274226365293,31.7919325371283,24.028778234327,38.27549578575718,3.3992922320761068,3431.9370000000054,1.6866615511906167
B0005,66,3.5659141933889775,2.68499881852498,4.188261122540052,0.21814383053570452,-1.945369728716904,0.3619374553775654,31.65359519098474,23.93841461307264,37.98216079918311,3.367044936193427,3410.938,1.5032623040150717
B0005,70,3.562842775719494,2.547109116468133,4.187338767288234,0.2311002737124367,-1.9239786535423666,0.4133295969485227,31.56095538857845,23.811534187517506,38.01919311449829,3.4461747495839625,3412.406,1.640229650820101
B0005,74,3.556833231052199,2.471314764334132,4.187560306288175,0.24012901309651447,-1.9136209099025532,0.4361071320744154,31.565586498787074,23.754765330883423,38.18831137948753,3.4898223105000934,3410.688,1.7162455419540428
B0005,78,3.568290947384154,2.6613903306108773,4.187277232524605,0.2141206823488732,-1.9560590740747525,0.3331748598853075,31.50585068229266,23.79410930748377,37.93152652621658,3.351789865200375,3393.984,1.5258869019137276
B0005,82,3.5669461267660054,2.541762355407921,4.187667484260542,0.2280872912736592,-1.9451349288716957,0.36303997888389056,31.500679894512725,23.80130098691845,38.093497951802846,3.4284228582798164,3392.719,1.645905128852621
B0005,86,3.555577852408349,2.628919415830567,4.2010701773378685,0.22257681900509244,-1.9258112675527397,0.40959732939194554,31.93753519801529,23.78129749955371,38.45796400011448,3.4915665856711744,3470.672,1.5721507615073014
B0005,90,3.566249609695861,2.6312552691827045,4.1996223345495824,0.22073836596977542,-1.9512727311185152,0.346101019333803,32.018959004954816,24.2036410699716,38.49126351534004,3.3625344394273537,3414.109,1.568367065366878
B0005,94,3.5651517161113886,2.654880745360911,4.199853323702163,0.21883449690936363,-1.9453874823712602,0.3614038123729081,31.802992654035066,24.00078927251757,38.23656074919321,3.3590956234991105,3385.422,1.5449725783412518
B0005,98,3.5646590685392043,2.6749688422803803,4.199103467081427,0.2163716125152892,-1.9502823023641027,0.3480520728600251,31.390070834895294,23.53999092882516,37.861934640176806,3.3833212777306487,3386.0,1.5241346248010466
B0005,102,3.563826424333384,2.6159705726789904,4.199998536865001,0.21892256267693688,-1.9556395801981314,0.33302381577882123,31.32256716616398,23.56609574757256,37.85234522947546,3.345746103177415,3368.187,1.5840279641860109
B0005,106,3.55794341054819,2.658447162110498,4.19967522099872,0.21868778457684812,-1.9285047414926575,0.40298358597253847,31.924334452481094,23.978912001702884,38.34003238560517,3.415854532223407,3368.266,1.5412280588882217
B0005,110,3.5606625287077325,2.697942608427116,4.008290631679593,0.20950338819195397,-1.9551624339637121,0.334504442604593,31.611845035373697,23.768262660469272,37.999069304346,3.345746027866918,3339.25,1.3103480232524767
B0005,114,3.5586243793608547,2.6617272246516333,4.200012480335,0.21697922698834513,-1.9493601110494168,0.35030165704717964,31.44698679955994,23.51454265913581,38.07252758016199,3.4176407951596484,3339.5,1.538285255683367
B0005,118,3.558098767106845,2.699288287625812,4.1992373656547874,0.2142387428867074,-1.9491000208174372,0.35126801417391107,31.275967975869477,23.28241301826593,37.80133585100446,3.4574577223923226,3331.265,1.4999490780289753
B0005,122,3.55512933100377,2.612793240883853,4.198548641075493,0.2205871307017041,-1.9495599532711692,0.3512195824884567,31.52557285890439,23.44023174320064,38.39873985476869,3.509801765112665,3302.0,1.58575540019164
B0005,126,3.562407504842224,2.6637064901468075,4.199578698026071,0.2170796365625931,-1.9492019182561038,0.3517975316117274,32.01143947851528,24.020578317587123,38.665237670488565,3.492510010091825,3312.032,1.535872207879264
B0005,130,3.555763763584664,2.6668454289754746,4.008852679269583,0.21559235650301317,-1.948936174745836,0.35233771011987913,32.25414815646172,24.280821388268656,38.87275464755104,3.436376337871811,3282.563,1.3420072502941083
B0005,134,3.560811730019249,2.684431051981017,4.194091469340824,0.22476162281209608,-1.922181994312857,0.4177575034444122,31.80684128585117,23.99270220171187,38.503541429116005,3.522048815491738,3327.391,1.5096604173598074
B0005,136,3.55710005650233,2.645224362345869,4.200715235801255,0.2214306395049535,-1.9377259165108416,0.38070104302078456,31.692044794724936,23.826487051861594,38.27009094548294,3.4266291752042153,3312.078,1.5554908734553856
B0005,140,3.549167170251299,2.6603527244917,4.1990980807180325,0.2192126720998724,-1.9205883821924459,0.4199279997248948,31.442104703455076,23.35051297073213,38.11684755251712,3.5156295359007625,3293.172,1.5387453562263325
B0005,144,3.5526452447208428,2.6926849789916263,4.199398534411534,0.2192442016873762,-1.9258578269080653,0.40894910753924485,31.29942787454077,23.23621418856597,38.04152715355532,3.5281658460821514,3275.328,1.5067135554199078
B0005,148,3.55190632746862,2.670544734728978,4.199122915612965,0.21998288405608735,-1.9310170920824006,0.3966200669821843,31.305445102883244,23.214801785728056,38.17980302242767,3.553885327485241,3265.016,1.528578180883987
B0005,150,3.564861551020512,2.605158060541757,4.190409478081396,0.22325584312063973,-1.9609252427941486,0.3177802255174547,34.2425532354409,26.647373946169797,40.61676409324108,3.2920058683339612,3328.937,1.5852514175396388
B0005,154,3.562942516564363,2.672012007453096,4.199400923375214,0.21803219803301346,-1.9439033588654824,0.3648875395019197,33.424519180020944,25.69911743242072,39.83681109946741,3.3403378205204453,3319.875,1.5273889159221183
B0005,158,3.5589785643221226,2.674271233724938,4.198731780124625,0.21727895039943884,-1.9432388381989518,0.3663086716478763,32.65292545505136,24.83328108182313,39.110245386127325,3.3700668464148613,3292.188,1.5244605463996868
B0005,162,3.558450567159531,2.6309416727017187,4.198549752485257,0.21862762915838432,-1.9653465845465374,0.303387384270793,32.20140726040297,24.364143333795862,38.9430529880995,3.3962565277911367,3264.516,1.5676080797835383
B0005,166,3.552628428865765,2.6629725743154204,4.007463315210666,0.21619290747781458,-1.9594535642698068,0.3217918254069252,31.972189793138387,24.04150072655873,38.607510759873634,3.432016582290358,3226.5,1.3444907408952456
B0005,170,3.548858076090237,2.612942119873717,4.198865766099182,0.22353474513890442,-1.931174939877613,0.39621221976503074,32.067896119540606,24.00664649428476,38.920359903369054,3.5368281005394895,3256.297,1.585923646225465
B0005,174,3.5496726073472273,2.615719844266148,4.199305653118061,0.22406891656675634,-1.9366308016234712,0.3833449621190484,32.4118655640857,24.33608487469673,39.23273115358871,3.5623881875358716,3266.093,1.5835858088519128
B0005,178,3.5504121364802312,2.6287695472774453,4.198949734540481,0.22267581434192366,-1.9532636452846406,0.3400373119125081,32.07523535235163,24.124280416630818,38.9649270684008,3.487659103680462,3247.782,1.5701801872630354
B0005,182,3.549476639377589,2.6655106679421823,4.19834220599025,0.22264536403399138,-1.9243980302369075,0.41175818236131034,31.989951063385003,23.971565610462942,38.83927283461771,3.550585011649097,3248.593,1.5328315380480677
B0005,186,3.5506333776599597,2.650495153350403,4.198995776266302,0.22241151687535285,-1.94133454370338,0.3720875488873062,31.850350633913575,23.83541998401671,38.73455310596237,3.5464818395784863,3229.016,1.548500622915899
B0005,190,3.544294910722307,2.643236235233877,4.198405910392988,0.22295319659066987,-1.924320085374107,0.41301393694504573,32.173506392542926,23.960402526128668,39.14007944734004,3.6318345128604057,3230.781,1.5551696751591106
B0005,194,3.5439049210455345,2.656450207001938,4.006223021872478,0.21820922042058663,-1.923864169856148,0.4135095203097711,32.548492755904554,24.4847407136466,39.26374478867843,3.5157134325425563,3210.609,1.3497728148705406
B0005,198,3.5399546654303444,2.626177688152069,4.004888608863093,0.22323874026616913,-1.9291410823663135,0.401139204825525,32.36639680203205,24.282889824654983,39.29444535878087,3.5502243637069992,3210.2030000000027,1.3787109207110237
B0005,202,3.5440426503820737,2.6582230344240045,4.199610827671791,0.22548804736566228,-1.9116755301786192,0.43956784772005036,32.22136771354016,24.14386556947967,39.10487658009542,3.6022612296434597,3212.469,1.5413877932477869
B0005,206,3.541642662211774,2.695100237338448,4.1994453812630566,0.22306448952255892,-1.8942647734260791,0.473758067710766,32.094300033531006,23.93408558388468,39.0462609369598,3.6489486006595495,3213.219,1.5043451439246085
B0005,210,3.5388976816927005,2.639091813583503,4.003705496851481,0.2224417691011598,-1.9398722080720077,0.3757805459336221,32.289201568013276,24.12010751842743,39.398032192832,3.6254754007127863,3184.078,1.364613683267978
B0005,214,3.542215796667134,2.6857210282450983,4.197785116892181,0.22192147050862485,-1.9330914786090008,0.3910583462762302,32.17624462604895,24.428816535813286,39.10678394120843,3.4731860095420055,3185.375,1.5120640886470826
B0005,216,3.5392482838719177,2.69017866510873,4.201331130571617,0.22146163952086453,-1.8931713820942697,0.47575515341399854,32.536783791646684,24.3288116844709,39.44448954135193,3.6538370485284295,3195.312999999994,1.5111524654628874
B0005,220,3.5352470829841747,2.639895313359579,4.199339974904826,0.22905343230467318,-1.8872164100892255,0.4866637006770656,32.41500250546338,24.124885387020974,39.509602016775695,3.7461475902903705,3186.297,1.5594446615452475
B0005,224,3.537989494146811,2.68991452927918,4.198916244859707,0.22337026754311562,-1.8919200502332694,0.4776748980368279,32.257887238832836,23.980294072799666,39.31656076538344,3.72774531445706,3166.641,1.5090017155805273
B0005,228,3.530709628779709,2.65935818848874,4.198537488587242,0.22533619590516868,-1.8860185482648857,0.48879010487485414,32.34452189482587,23.975074779018826,39.43723270017243,3.7583780348541227,3167.593,1.539179300098502
B0005,232,3.5289386882785667,2.6657030585650423,4.001345973446838,0.22277919127739723,-1.8971365983467727,0.46842586422653143,32.42278451669724,24.05918240016413,39.51375235624076,3.733996891173228,3148.094,1.335642914881796
B0005,236,3.5323747236410323,2.642986759012803,4.199579806494986,0.2285744040181935,-1.8852056296390571,0.4901018894914221,32.408501968577056,24.074008046047823,39.60168158275922,3.7803243918888825,3159.077999999994,1.5565930474821834
B0005,240,3.529959033671946,2.631116911889304,4.198782234828033,0.230983485539432,-1.8963631847444147,0.46982672831772804,32.384337574105814,24.043536678896334,39.68746359758208,3.807716858062332,3148.829,1.567665322938729
B0005,244,3.5289898102222432,2.696157404617167,4.19821559724714,0.22271584715626191,-1.8784592412027223,0.5023080817566226,32.41631605827935,24.007622451152475,39.53535075538898,3.7824253033071003,3139.734,1.5020581926299732
B0005,248,3.5279880026668153,2.6667596238241567,4.198510853141954,0.23022222898468156,-1.889563602142351,0.48257917270490003,32.37859071476578,23.99346277596251,39.6502371632164,3.8287277615931927,3140.547,1.5317512293177975
B0005,252,3.524123492217535,2.6403185448373043,4.198732430468704,0.2281677049030475,-1.8891541843613417,0.4831971866633849,32.42167650235763,23.98660963888346,39.69929058154853,3.8236101536927825,3121.859,1.5584138856313996
B0005,256,3.525669093493542,2.69892986372897,4.1982665153138665,0.2239093064942862,-1.8823606883388564,0.4949971043264594,32.364497390301715,23.92726467831658,39.54483610898516,3.805521201439206,3112.516,1.4993366515848967
B0005,260,3.5237236373863072,2.6682466504352997,4.198753541225669,0.22987944928075849,-1.865227294359764,0.5251158913423004,32.34308993544963,23.878754027011198,39.63708096307912,3.8653676265256154,3122.125,1.530506890790369
B0005,264,3.5199169897212714,2.6479207279724903,4.200309982421394,0.23336422304016027,-1.8704664053540483,0.5156720915992037,32.22329344492796,23.90454749592773,39.43977047692484,3.8233972744418567,3121.672,1.5523892544489035
B0005,266,3.527398721718745,2.6741633856529066,4.201124089732316,0.2288711532567546,-1.8714021758123858,0.5142666409362627,32.74877673362185,24.47294963967077,39.8280453682611,3.7454563794277753,3120.86,1.5269607040794093
B0005,270,3.5166799904274133,2.6892528956736257,3.9962087912526494,0.22260567316673682,-1.8636009776801252,0.5264974332557936,32.29996341387113,23.84065782954976,39.41794949618613,3.794767278388036,3084.343,1.3069558955790237
B0005,274,3.515461907658169,2.688809122993162,4.197843264549259,0.22678778053459214,-1.86900067925322,0.518718395438564,31.989420062675965,23.408863262283894,39.262781682151214,3.90427080227488,3066.063,1.5090341415560968
B0005,278,3.5158684348641054,2.6743555987897745,4.198840869468569,0.22745015581930325,-1.868661549655276,0.5193404297544676,32.102612573309735,23.506583211337613,39.47237839941986,3.901872573181444,3095.781,1.5244852706787944
B0005,282,3.515252200712903,2.6430294964336345,4.198119631667182,0.23330611249758956,-1.8516079298252295,0.5471680139633988,32.60943761363093,23.98624197921992,40.03754146951368,3.966373634191926,3094.328,1.5550901352335473
B0005,286,3.512970379452973,2.6584858447131823,3.995636832663757,0.22681627144442298,-1.8683311095667154,0.5200862000873587,32.87487085346321,24.36131117718087,40.14273016201157,3.8515234310681334,3066.984,1.3371509879505745
B0005,290,3.5135499367557887,2.629782173759164,4.1980467610750285,0.2353367722258811,-1.856179770985428,0.539699343641576,32.72228574183435,24.210935532035016,40.1165626728546,3.926560349244168,3085.625,1.5682645873158645
B0005,294,3.5141762633671427,2.6622967647315545,4.199047008209673,0.2300593061095905,-1.896478173957154,0.4694974224843843,32.41864084122644,24.000428061078125,39.87503330866132,3.843629844145668,3067.203,1.5367502434781186
B0005,298,3.5109240660870107,2.682380966742509,4.197669918520713,0.23125473216855696,-1.842223361967704,0.560549254350073,32.26726772836726,23.66809609847637,39.61961987024145,3.959426134215325,3058.157,1.5152889517782042
B0005,302,3.5104907057050654,2.640189476892272,4.197600624105256,0.23240081264243104,-1.8485434315412579,0.5517825653847908,32.54976582825491,23.845674209557423,40.02374101658494,4.021634367438457,3049.031,1.5574111472129841
B0005,306,3.5139609504086966,2.693769409137257,4.197985718630326,0.22932367006605583,-1.8360177212411766,0.569718892773623,32.86772312173408,24.23969113753901,40.24716716520102,3.9611569377777136,3058.578,1.504216309493069
B0005,310,3.5116650674248513,2.695787450704935,4.198164128530042,0.2256932222251593,-1.8355399119370477,0.5704504430875751,32.953562374641756,24.30453859448875,40.30016452241584,3.938571364184235,3049.328,1.502376677825107
B0005,313,3.524360572714186,2.6920548172137724,4.222920057935785,0.23672154201513082,-1.8613661417631677,0.5313787740283372,32.74405576872055,24.112523495131093,40.09418103142496,3.950089678693433,3177.219,1.530865240722013
B0005,316,3.5184580075793197,2.629071246219689,4.200423045909808,0.23606047234991162,-1.8634328735414196,0.528176644034723,33.24446965214451,24.719311536144843,40.52238496316615,3.9053139636361016,3082.937,1.5713517996901194
B0005,320,3.5159742112086634,2.631343871050918,4.198372063670128,0.2343325796217718,-1.8444523554796015,0.5573298056121251,33.26247318655509,24.73538913848975,40.56886357314186,3.919077993694921,3074.266,1.56702819261921
B0005,324,3.518496072418321,2.6983970036642315,4.198353213898968,0.22790046265626498,-1.8370969458348374,0.568182076812736,33.03643936473194,24.49414087755308,40.27804845768325,3.904144558309578,3056.234,1.4999562102347364
B0005,328,3.5112342903659717,2.6338485871981514,4.197873789078739,0.2302930770446451,-1.859753171901452,0.5333694144341802,32.871552807407646,24.26614354111412,40.24480232184515,3.920795920346564,3056.437,1.5640252018805874
B0005,332,3.509311050251654,2.671566207861818,4.197237022076388,0.22633128154408474,-1.8182802645635534,0.5947527522327692,32.89257892234493,24.16060830520464,40.184384347174266,3.9764391836011854,3038.86,1.5256708142145703
B0005,336,3.511603946836176,2.6540810507928123,4.197918434710392,0.233253433145682,-1.8584868815619278,0.535683169068316,32.80043972651701,24.205952380559676,40.320066232195046,3.9718160934366775,3039.218,1.5438373839175794
B0005,340,3.5070147380799566,2.656849703962618,4.197739340034368,0.23367231175303832,-1.8231310068504296,0.5886223189083527,32.94959585616287,24.228213693022468,40.33650561265159,4.031663656131639,3039.047,1.54088963607175
B0005,344,3.5045911206219302,2.6363048614501152,4.19785490446139,0.23197910158966215,-1.845557739280689,0.5556673502126959,32.960269493186814,24.2593353339824,40.43267631588412,3.997988111265759,3030.375,1.5615500430112745
B0005,348,3.5071819711747723,2.69951692300468,4.197306756122815,0.22530003584843297,-1.8269649514610657,0.5830690496220527,32.97614022461951,24.228985806758885,40.314538591575015,3.9982145289240822,3021.0,1.4977898331181354
B0005,352,3.506281533871428,2.698216006032282,4.197528212001444,0.2290761426946714,-1.7920109675716882,0.6292506901802747,33.07671101833385,24.27409668200787,40.386661855917744,4.057484477552254,3012.0,1.499312205969162
B0005,356,3.504895347985236,2.6911707598773864,4.196786619436126,0.22899383930555822,-1.8431810293741404,0.5590254178902946,32.96964993935984,24.26045465629052,40.43384612547835,3.991501351311591,3002.906,1.5056158595587394
B0005,360,3.506000017513587,2.690162319231471,4.197717228550219,0.2315279345726376,-1.8311187612359292,0.577302914551326,32.964574486332204,24.24695415512884,40.43385257537589,4.032635987568606,3002.641,1.5075549093187477
B0005,364,3.4977709271002486,2.6355034454892072,4.192454851360723,0.2326441030169224,-1.826500805613818,0.5838672839609986,33.111834043497964,24.344257833007877,40.58499656066617,4.0473423466879215,3012.0,1.5569514058715157
B0005,367,3.508967078963045,2.6594753656507684,4.202845001527377,0.23420936483066698,-1.8218850069770078,0.5902788212075315,33.68551572221917,25.05068794027295,40.99869158762305,3.9707337448390345,3020.11,1.543369635876609
B0005,371,3.5016093005136573,2.644554999824577,4.197952808231904,0.23210020778324364,-1.8317833076296164,0.5764541028306663,33.5760841644228,24.85067433400367,40.997807625227495,4.017894520109438,3002.172000000006,1.5533978084073272
B0005,375,3.5046768402941146,2.6719601666204564,4.198017952345714,0.2317700107113661,-1.8013435224628094,0.6176564476683133,33.43261492023291,24.68293151974539,40.84213757482493,4.025395328183195,2992.703,1.526057785725258
B0005,379,3.498222555161659,2.6598211033173382,4.192162800008929,0.23400544150047584,-1.822554526877248,0.5889423876813479,33.18267299918187,24.442107279152207,40.69012464267011,4.077864033654541,2964.468,1.5323416966915908
B0005,383,3.4985679816689683,2.688360455508818,4.196993378341778,0.23227015580260707,-1.7996980646998308,0.6203022995884058,33.26986446906512,24.37516209951004,40.69938049882204,4.135507945850865,2963.86,1.5086329228329602
B0005,387,3.494393368640284,2.6376728619288525,4.197603515102162,0.23483667676517211,-1.8231173528875448,0.5891056051479235,33.54810808142327,24.71534698579929,41.06026204078849,4.095615378213727,2975.297,1.5599306531733093
B0005,391,3.4988842100643502,2.645120521151077,4.196406678544622,0.23343102254184267,-1.7870330386788151,0.6355480983832551,33.6955129895967,24.85143118542252,41.19696040482682,4.090440134958731,2974.9850000000006,1.551286157393545
B0005,395,3.500098444194064,2.698012437629632,4.197098662004674,0.231209749563846,-1.808923899764108,0.6077744106398829,33.365941890927076,24.582992198113057,40.83973737013426,4.071734306724504,2966.25,1.4990862243750418
B0005,399,3.4946556093421144,2.692894277298908,4.196278952372023,0.22754998377092192,-1.7795667523632923,0.6453402425233584,33.3510952380545,24.38167771883123,40.764203830749366,4.1076924460159985,2947.0,1.5033846750731152
B0005,403,3.4935237102418424,2.6483923655058117,4.197105220217278,0.23592486223793077,-1.7852032312842097,0.6383532491738257,33.5764735792387,24.640411065560848,41.11212504270441,4.149748386726669,2956.344,1.5487128547114661
B0005,407,3.4958516734579206,2.6832134764262,4.196244829545076,0.23318985579252796,-1.7901091499023922,0.6321370436330047,33.801910381454185,24.932873139487384,41.27256611507568,4.126081323307465,2956.406,1.5130313531188762
B0005,411,3.4967778621300702,2.684960445221862,4.19680260180666,0.23161517944608462,-1.7892390281938177,0.6329469296805057,33.65385947429708,24.80325379769347,41.15574924454392,4.113376859166521,2947.266,1.5118421565847986
B0005,415,3.4931602985955794,2.669922120529456,4.196227405416926,0.23444093709338581,-1.788266052190544,0.6338091503768836,33.46804681726649,24.578577776974136,41.03237216951879,4.132584188938905,2937.984,1.5263052848874703
B0005,419,3.4907964206621513,2.664105530655056,4.196558172556389,0.23458739913147456,-1.787854972801723,0.6346731678971528,33.320723292269236,24.354940329833727,40.92737270093076,4.178915338531601,2919.281,1.5324526419013331
B0005,423,3.485532798466319,2.634098605983684,4.196306304007259,0.234018607782944,-1.7763348507448478,0.6489264957450518,33.672039171509226,24.62118758852362,41.240704611971786,4.190471944527074,2919.094,1.5622076980235753
B0005,427,3.492071570520047,2.68378702970616,4.196795527524874,0.23339404523815316,-1.775710072344954,0.649847787791443,33.95602225731446,25.01363389840176,41.43649987692296,4.1676186934593975,2929.375,1.5130084978187144
B0005,431,3.4922411571339476,2.660031949282934,4.189287343772767,0.23477312797957955,-1.8086552702055083,0.608483486960915,33.766042548332734,25.159494190646395,41.16703904201915,4.066434723369704,2946.031,1.5292553944898328
B0005,433,3.496386552501217,2.650011641082063,4.201144545237731,0.23526416767199324,-1.774227045140243,0.6510252951798041,34.01536501077074,25.21215090210571,41.36216559728765,4.076248174685634,2955.438,1.5511329041556676
B0005,437,3.495158816010435,2.6936969083341418,4.196925753814179,0.23204780352465856,-1.7943942122516154,0.6265352164691593,33.62657444287112,24.8439113089274,41.02198772703674,4.090516749930841,2937.625,1.5032288454800375
B0005,441,3.4911656351735982,2.697073130067154,4.196901090271507,0.22974998267518157,-1.81075521418147,0.6050071296353484,33.298111704203556,24.475953784901723,40.775048649568944,4.078557539704596,2929.078,1.4998279602043532
B0005,445,3.487164214172966,2.6806995515145213,4.196688955833435,0.23046254762832477,-1.7802580244542017,0.6437478300126682,33.31180626096507,24.345219404030782,40.81506138506309,4.135288366183872,2918.375,1.5159894043189133
B0005,449,3.4898174723067257,2.6695398084864568,4.196339302740304,0.2351606538995095,-1.8034932305818967,0.6148608303790332,33.1898322916545,24.324432889352373,40.85837421987642,4.140330325403251,2900.25,1.5267994942538472
B0005,453,3.481945510646848,2.671695307817951,3.981647460302149,0.22790634700674542,-1.7906637484773882,0.6310688162926376,33.323027054539054,24.306502703840305,40.839876773287166,4.15159988377036,2880.812,1.3099521524841982
B0005,457,3.484726754629247,2.661289185949965,4.195770804194879,0.23500266818171117,-1.766108522059919,0.6604365477059552,33.25767354219466,24.239023397259928,40.85376069244676,4.2093054861138945,2901.375,1.534481618244914
B0005,461,3.4852395299928105,2.667817533540102,4.195456241846729,0.23525741386002202,-1.7950872208280704,0.6253597111937936,33.05966538208851,24.12349712975845,40.74795214258888,4.1904112170703165,2891.375,1.5276387083066272
B0005,465,3.482234810079579,2.684008069130594,3.9799897491336624,0.22630011897490676,-1.8004674064401918,0.6184931895073059,33.07817019074129,24.07816186018501,40.669286753855005,4.131882231592585,2872.062,1.2959816800030683
B0005,469,3.482309128299707,2.6585256208771644,4.194357133255019,0.23519495045574956,-1.7815509085173475,0.6422584154715945,33.08146254660968,24.05808219537432,40.7810749453613,4.232871330245049,2882.906,1.5358315123778543
B0005,473,3.478200841952514,2.6372250579822927,4.195863681881766,0.23775509480303608,-1.7578006497061411,0.6698571626835187,33.21041393230103,24.086387020526896,40.88159339768709,4.283442396591457,2883.265,1.5586386238994736
B0005,477,3.478511934709336,2.6514257735606432,4.19558455466442,0.2333056918523201,-1.7927554439940456,0.6282017451776158,33.06310637086438,24.009281472194747,40.81191473576834,4.212970755102022,2882.969,1.5441587811037771
B0005,481,3.481967527541925,2.676384659108382,4.188483624251573,0.23008773708547126,-1.7942000679595929,0.6262979323124437,33.584247096910836,24.72092641804012,41.10059497641568,4.135970554176337,2882.265,1.5120989651431906
B0005,483,3.491147724520651,2.694913850281781,4.200346502821317,0.23398129358843556,-1.7958274500207083,0.6245004739781786,33.69028889006327,24.843079939814476,41.248795355864885,4.12516909469262,2901.25,1.5054326525395356
B0005,485,3.481709257148688,2.6973343716306277,3.9823479281644896,0.22646558709369746,-1.7814627321131917,0.6422237173806122,33.64163206115311,24.60409033905644,41.16242984455477,4.147522762694645,2862.281,1.2850135565338618
B0005,489,3.4797127153933185,2.642540259937964,4.195715092938243,0.23137906236472933,-1.7686539562924637,0.6574189923773175,33.46716682605322,24.340286688400784,41.11601981047893,4.226036263395472,2883.016,1.5531748330002788
B0005,493,3.4818238310326657,2.699226257883075,4.195755769877104,0.23484110606238612,-1.797464535213433,0.6222166717131186,33.0721575878115,24.03013803682012,40.86421618020504,4.256761674097206,2873.453,1.4965295119940296
B0005,497,3.479930482016216,2.676480329780849,4.195911764444989,0.22933704497832172,-1.7434743394395325,0.6855153366521199,33.610157882993725,24.401718287950963,41.22951081564833,4.2493453592951225,2874.031,1.5194314346641398
B0005,501,3.4756256359863715,2.642142168479886,4.195096216862987,0.2339870923910629,-1.7610816226186756,0.6660870815109252,33.79459259010141,24.651282487267576,41.45023191903855,4.260408207854335,2864.875,1.5529540483831008
B0005,505,3.4794857801126997,2.644725254926797,4.196258226051591,0.2381193340087658,-1.7966522260636109,0.6232957846112038,33.39631856043629,24.39982529977077,41.27708509224051,4.239238604778222,2855.187,1.5515329711247938
B0005,509,3.472670523210024,2.632270655366611,4.196612664794988,0.24133293306749637,-1.802256282854747,0.6161770588742247,33.171101282149046,24.071743981632668,41.06460515498328,4.328788111231613,2845.343,1.564342009428377
B0005,513,3.4721167480235606,2.639100611887612,4.195198482878681,0.23280866348836232,-1.7467843729896801,0.6821755431728649,33.19118610383509,23.87426368554146,40.99284868101728,4.317045137969619,2846.25,1.5560978709910684
B0005,517,3.473793696042498,2.637841830893275,4.196002392961924,0.23764631467040276,-1.752754341518209,0.6758494329714917,33.449484576299184,24.168977704033605,41.27361521074391,4.374207095438869,2855.594,1.5581605620686494
B0005,521,3.4752171097407913,2.668286095904868,4.196207586734141,0.2357844658835284,-1.7697416748003025,0.6561377877871509,33.451217302378225,24.28428480579148,41.22740227746052,4.331784650199692,2837.656,1.5279214908292724
B0005,525,3.470126187329273,2.649019812683856,4.195534582569042,0.23439313503588788,-1.7872825307499685,0.6349214758915024,33.19362810104814,24.01310273031714,41.04619550953222,4.311774656450073,2847.36,1.5465147698851864
B0005,529,3.468742148294152,2.664058512378051,4.1957439573980455,0.23306102989936822,-1.7619671735182194,0.6650377101862911,33.02361842235558,23.715060546682704,40.8467650871533,4.351653237356961,2837.328,1.5316854450199946
B0005,533,3.4683831776413916,2.6883611693898826,4.19521671755128,0.23034969287549237,-1.7253107795313558,0.7047249833367148,33.067747363491335,23.56356159483333,40.79196924883506,4.408333108579102,2827.938,1.5068555481613974
B0005,537,3.473454829094707,2.6869753836302124,4.195347750909715,0.2338470573562455,-1.7373826752957475,0.6924958102365336,33.32655479018399,23.955208980751504,41.13461978214925,4.4085114834398915,2828.734,1.5083723672795024
B0005,541,3.469542767132813,2.6507536817766586,4.196065828878837,0.23846010804870593,-1.749155401642756,0.6797136102615946,33.269367830631865,23.967802824849823,41.14429319149828,4.389696128907701,2828.328,1.545312147102178
B0005,545,3.467703935690853,2.664632278910652,4.184534803011309,0.23318469772011519,-1.7441640074865998,0.6852602677618778,32.881946880580784,23.58968747789601,40.66184230912503,4.358788094086419,2838.265,1.5199025241006572
B0005,548,3.4716828665747106,2.6400211837268666,3.982610049197398,0.23414179445502806,-1.8298293403138812,0.5791144439544358,33.32386124268302,24.25636444674708,41.04669454497069,4.241438685724456,2845.063,1.3425888654705314
B0005,552,3.4755449324702847,2.674198661305034,4.195703567262997,0.23080853760084244,-1.7770131556037914,0.6478806343993879,33.32135627821265,24.167374158398008,41.0462053156659,4.250164242086898,2846.39,1.5215049059579635
B0005,556,3.4777884634852527,2.696427051131168,4.195744519551191,0.2333046743897156,-1.800182364311139,0.6190787992162587,33.05358108682469,23.98739486311109,40.75374295552834,4.282944819638503,2818.406,1.4993174684200228
B0005,560,3.4726939640608814,2.692834029769684,4.196363050482315,0.23458237415536518,-1.7499124790145117,0.6786002481087355,33.130052045625995,23.87546148452671,40.85283588259973,4.3568702218668784,2838.156,1.503529020712631
B0005,564,3.466847865052985,2.681747855329962,3.9723762860428753,0.2269991772092182,-1.7429942502180464,0.686140690389278,33.18128407001396,23.8171618043235,40.85270645265791,4.317300949947219,2810.359,1.2906284307129132
B0005,568,3.4732567561441745,2.696791414385091,4.195797286482793,0.2320173396717059,-1.7243723958233788,0.7058126641630449,33.084745445473835,23.75244046991811,40.82211523524223,4.36670824014004,2829.625,1.499005872097702
B0005,572,3.4628275330380416,2.664695973142795,3.972259784220136,0.23192158032434676,-1.797842846255315,0.6219728812401638,33.05123454882633,23.795378022588643,40.90308836809665,4.327843516323065,2799.906,1.3075638110773413
B0005,576,3.4686410534231866,2.679191623358613,4.195609431921248,0.23273935094092807,-1.7656988608557729,0.6608990947980917,32.97080056274321,23.69874029857621,40.84337405460518,4.3113361664538425,2819.579,1.5164178085626352
B0005,580,3.4696354898969246,2.699983457940659,4.195339917236225,0.2335036544312553,-1.7225391642717138,0.7077713552146545,33.05693955254225,23.681325932299053,40.81792110626284,4.405103785015214,2810.672,1.4953564592955662
B0005,584,3.4655569353299978,2.666300786624286,4.19540205700612,0.23248421782534767,-1.7403432650886603,0.6892727149836115,33.13320802500957,23.75348711820252,40.94699384765951,4.376372359131709,2811.485,1.5291012703818345
B0005,588,3.4656817603973558,2.630850137384784,4.195685302232799,0.238850253737054,-1.7463127596745691,0.6826756571707777,33.130548697197604,23.789078897860136,41.07493805830632,4.417096277847239,2802.422,1.5648351648480148
B0005,592,3.4660560748552554,2.673348140468748,4.195561297751176,0.2322767656207183,-1.7454021812168676,0.6835636056594135,33.184781827001515,23.837597031961703,41.014143833978686,4.3545584150171,2801.625,1.5222131572824282
B0005,596,3.46255348886736,2.632763831012711,4.196066962029683,0.23789120442397205,-1.7039667763542443,0.7260531879203805,33.237698583973,23.738230385656276,41.06214198725253,4.4735722308613495,2792.234,1.5633031310169718
B0005,600,3.4661306290759493,2.6687371180046218,4.196640912532072,0.23491655916216359,-1.6973628432693546,0.7327064297124745,33.21770694957001,23.73611267134457,40.98366325567302,4.442007915265285,2793.39,1.5279037945274498
B0005,604,3.469356999773325,2.696396337945361,4.1956235749123225,0.23346242529713648,-1.7255811003153236,0.7047533119096203,33.155026565220545,23.80026564355092,40.98234242711097,4.388441828118319,2793.39,1.4992272369669615
B0005,608,3.460683967544397,2.6794834862925194,4.195862008850563,0.23178616750942718,-1.7499999026381863,0.6791087061528659,33.28799328773619,23.849121770252687,41.06375085817118,4.45906102847752,2743.485,1.5163785225580435
B0005,612,3.4704396987176542,2.6787137407179737,4.18482689434833,0.23285638948068832,-1.7475603359345677,0.6817231767272528,33.5879998020142,24.92195746617458,41.047029587744966,4.16172085286693,2802.016,1.506113153630356
B0005,614,3.475718827192654,2.655378369801326,4.201968615940368,0.24150620244930146,-1.793648828127927,0.6282387608316077,33.64458841871067,25.09329713312876,41.051007697556734,3.987129039790218,2820.39,1.5465902461390422
