battery,cycle,v_mean,v_min,v_max,v_std,i_mean,i_std,t_mean,t_min,t_max,t_std,discharge_duration,delta_v,soc
B0006,2,3.553768118124354,2.4757677568281857,4.179799607333447,0.2227305756457551,-2.0006913461101337,0.1434790032237216,32.18290900559293,24.277567510331888,39.16298653238707,3.423075962747748,3690.234,1.704031850505261,1.0
B0006,4,3.5614758013870795,2.35152551190002,4.177288238505559,0.2320076560132517,-1.990277542145709,0.202426332471839,32.29307515705474,24.63823886086074,39.2462026826329,3.404114973289765,3672.344,1.8257627266055396,0.9951520689473893
B0006,6,3.566752469641321,2.440479715106544,4.1781213228923,0.2241243774528692,-1.9899467848963857,0.2029938816642971,32.24414709253608,24.704057719023776,38.999202460252846,3.3584336881539087,3651.641,1.7376416077857564,0.9895418556113245
B0006,8,3.565635922535616,2.479155853900392,4.178370492084649,0.217701278351404,-1.999910767831836,0.1445691232291119,32.185970960567666,24.65050310045608,38.84362777186652,3.314212175008726,3631.563,1.6992146381842566,0.9841010082287465
B0006,10,3.5639705032899403,2.280187848173442,4.17824995156942,0.235643207268451,-1.98954836065757,0.203318600017906,32.06687277315468,24.634206199911688,38.97798888258284,3.3443642605651296,3629.172,1.898062103395978,0.9834530818370868
B0006,12,3.5735512387791406,2.4392842568466446,4.193216523251186,0.2260594614480041,-1.9901040351037365,0.2028160928599146,32.03447836207717,24.34339960435996,38.83989920742278,3.4154545948335318,3652.281,1.7539322664045414,0.989715286347695
B0006,14,3.5711391343785897,2.2812068449406446,4.193732603145628,0.2365774540769513,-1.9900886222380367,0.2026770115135396,32.11157496697372,24.43094638944468,39.04610837498471,3.426910015053531,3650.828,1.912525758204984,0.9893215443790285
B0006,16,3.5681507462163045,2.366410527029613,4.176826628115461,0.2274993356336573,-1.9891170520197217,0.2050189264946674,32.11257624247177,24.65043547143169,38.87507521022778,3.370323539781196,3572.453,1.810416101085848,0.9680830538117637
B0006,18,3.569283415581244,2.436020049578708,4.176369138969733,0.2231468277226925,-1.9892116643905464,0.2052398833192915,32.03566207329278,24.564976908542672,38.7260539826455,3.371384425426569,3550.594,1.740349089391025,0.9621595812081294
B0006,20,3.560143320431773,2.1864377487643725,4.176897989902666,0.2373263431391035,-1.999716799151002,0.1457985961374005,32.03485778433606,24.5254342466806,38.98629728904917,3.359296965767368,3551.25,1.9904602411382932,0.9623373477129092
B0006,22,3.566658719765511,2.3406023605912454,4.177579509962451,0.2293605001947802,-1.9891317699701736,0.2060030752737896,31.87412757184136,24.40648205159496,38.65978861919643,3.3882961535188185,3530.25,1.8369771493712053,0.9566466516757474
B0006,25,3.5687035970122847,2.4263021374140443,4.177996110793395,0.2251048512425192,-1.9887805507702208,0.2071389883620146,32.120959708576166,24.666067568688486,38.84979195732924,3.389894252303748,3491.016,1.7516939733793508,0.9460148055651756
B0006,27,3.569207084156356,2.475369770000704,4.176316409477926,0.2222086735795387,-1.9887320866401277,0.2078537909907531,32.11021168908644,24.81910585902456,38.75128344015104,3.3478201482830143,3470.281,1.7009466394772224,0.9403959206922922
B0006,29,3.5659271296109383,2.342364523655007,4.177992455010172,0.2305310044558094,-1.9887200290368636,0.2077662296647864,31.989061278918147,24.627666776864352,38.76853764058789,3.3833615445746794,3470.0,1.8356279313551656,0.9403197737596044
B0006,31,3.561241727064949,2.188400081882664,4.177439981618572,0.2410110335871965,-1.9887874042287876,0.2082626845581426,31.87881444863544,24.45091312956072,38.84686112344348,3.4186775707748804,3450.297,1.989039899735908,0.9349805459491187
B0006,33,3.557881987836072,2.1206980945954057,4.17561570814845,0.245190896565147,-1.98859108959304,0.2086036612242994,31.7674507110244,24.26604433063594,38.8658897816528,3.4514338053778024,3429.407,2.054917613553044,0.9293196583197706
B0006,35,3.559446470525581,2.369981457799298,4.177366324712495,0.2256488462678844,-1.9994202575159723,0.1488638929963184,31.83081010468792,24.35471815166853,38.647578733807656,3.3956920888520217,3409.484,1.807384866913197,0.9239208136936574
B0006,37,3.5557866041823525,2.247991649924625,4.176354539745044,0.233044214636156,-1.999334630115681,0.1490920390848009,31.869986939624116,24.38425903160567,38.79218188173866,3.412804563315911,3390.422,1.928362889820419,0.9187552876050679
B0006,39,3.558090616558098,2.4115317107898875,4.177450270459645,0.2331295640738905,-1.9774549866256104,0.2562192660865781,31.89044947082784,24.455293448252306,38.77022223929529,3.46199581051182,3390.281,1.7659185596697575,0.9187170786459612
B0006,42,3.5627134008851487,2.203355846859377,4.174584178175673,0.2337527521470247,-1.9996547253227133,0.1450894096576789,31.548398771926767,24.511611712923585,37.54320599748628,3.0781364572509298,3591.734,1.971228331316296,0.973307925730455
B0006,46,3.5708142093488724,2.35887751155593,4.175224020262452,0.2263782364361926,-1.9890474874073771,0.205646866439472,31.874488497680712,24.910587532937,37.90362577530197,3.1433492282840385,3552.297,1.816346508706522,0.9626210695581906
B0006,50,3.5666817833633124,2.218672914041916,4.177217300859919,0.2352325520191609,-1.988682950523383,0.2060295269510412,31.53911453638972,24.56766501155013,37.6701605139887,3.146461206843436,3531.578,1.9585443868180028,0.9570065204537165
B0006,54,3.5635605528006504,2.339723057947995,4.176514514202052,0.2243386389833054,-1.99923867843496,0.1472929236475751,31.258482679553392,24.22557390540734,37.34166959188387,3.133023437312925,3492.907,1.8367914562540568,0.9465272391940458
B0006,58,3.5710519693928755,2.399750820894273,4.190384318239257,0.2280809535935371,-1.9885639445355097,0.2064997970931916,31.119005145018036,24.029961629396936,37.28979017254232,3.1995376362326846,3511.594,1.790633497344984,0.951591145710543
B0006,62,3.5666308474029798,2.491410879472442,4.176973413125379,0.2212894327353356,-1.9880563928902784,0.2087876082967889,31.03324407815673,24.01574359300704,37.16794481484507,3.1869467330145,3431.9370000000054,1.6855625336529363,0.9300052516994872
B0006,66,3.552739224085492,2.1387303309558976,4.173452155236546,0.2482870208545437,-1.9772969675547487,0.2550510279652048,31.001249222460967,23.89771458163466,37.51577848501052,3.2606195581222037,3431.125,2.034721824280648,0.9297852114527155
B0006,70,3.556095975504661,2.346064498302046,4.1764585468168685,0.2356923295078432,-1.9771693646864963,0.2558583155228212,30.92143474404136,23.81688709830912,37.24165964092258,3.260329062527489,3412.406,1.8303940485148225,0.9247126333993996
B0006,74,3.554407332588547,2.327337743316428,4.17626102066065,0.2359019406764363,-1.976842154446477,0.2564049782265646,30.894508754176588,23.762584263292904,37.20634436607636,3.2784325684523825,3410.688,1.8489232773442223,0.9242470802664547
B0006,78,3.5456978933950603,2.486311723336632,4.172854589872979,0.2288374914644153,-1.96609444985072,0.2959304226582716,31.014904054502477,23.77792764216909,37.2071345030198,3.295063186381919,3410.718,1.6865428665363469,0.924255209832222
B0006,82,3.558317056200033,2.292166351092089,4.188187801734904,0.2377997837922987,-1.9878477386251128,0.21056450318255,30.93172713281064,23.7568921940262,37.40395047826066,3.299182692278777,3372.547,1.8960214506428152,0.9139114213353409
B0006,86,3.5558574696779788,2.434300686181212,4.189991619197343,0.2210835198458698,-1.9997552547832569,0.1472028740367492,31.10097217303459,23.74029655014346,37.25007396118109,3.257556158436875,3470.672,1.755690933016131,0.9405018760327936
B0006,90,3.555475055167991,2.472619908000758,4.186982490201218,0.2218085735477335,-1.9938977768571453,0.1816681915210124,31.29096966260002,24.18583594954418,37.39699052067588,3.1496412281391826,3404.344,1.7143625822004598,0.9225279480921806
B0006,94,3.5452650003621518,2.403422072720937,4.186483106541616,0.2324737536102349,-1.977131099996694,0.2563264313075085,31.13133998716456,23.96227406279053,37.2852066420257,3.215597680449759,3395.219,1.7830610338206792,0.920055205171271
B0006,98,3.539807602769113,2.4006679782182205,4.187721936001791,0.2353980944705747,-1.9711541491506053,0.2772017914187193,30.81303099815128,23.520157783193987,37.080390421974414,3.268624255031962,3376.203,1.787053957783571,0.9149021444168581
B0006,102,3.534523423832004,2.3194299432177345,4.184171356892756,0.2396396974488778,-1.970676997682094,0.278778416901526,30.712511706318068,23.52943289153009,36.98024266357476,3.237101817029382,3368.187,1.8647414136750216,0.9127299244438157
B0006,106,3.531488974115542,2.340173173498008,4.186779863144672,0.2434960321788591,-1.9544916958253316,0.33091614091916,31.28669116137506,23.947667716448013,37.59874124546701,3.320453754122947,3368.266,1.846606689646664,0.9127513323003366
B0006,110,3.5261837251551817,2.382960351080877,4.186482965601712,0.2432025413180043,-1.942769122324457,0.3618170931457153,31.04843975838384,23.724670891624807,37.33680914521836,3.3501552503928287,3358.719,1.8035226145208352,0.9101642334876325
B0006,114,3.520537149204444,2.351855540704836,4.184741677172267,0.2458439682263176,-1.936687904333111,0.3771664046128733,30.95010033531092,23.509674105704786,37.39499820465976,3.396127861529909,3339.5,1.8328861364674316,0.9049561626715271
B0006,118,3.518316882338857,2.3535104841115886,4.186114015167315,0.2450718935687944,-1.936293301572053,0.3779749978645736,30.792306931661887,23.239016261869025,37.22606598231413,3.458530043344787,3331.265,1.8326035310557267,0.9027245968683829
B0006,122,3.5130944776602564,2.3948058223938364,4.186011762299764,0.24395652191004,-1.9307252447213783,0.3924553311300069,31.08796095728237,23.41190207365984,37.58677381866742,3.505230022015368,3321.188,1.791205939905928,0.899993875727122
B0006,126,3.515210473276241,2.4418858444380294,4.185742966026202,0.2436561069768626,-1.9141291914490304,0.4298985098064948,31.67860578108804,23.99387524361192,38.20704456989348,3.5389918295046825,3321.844,1.743857121588173,0.9001716422319018
B0006,130,3.509578354212467,2.391848815367812,4.18499542353586,0.2485781575213065,-1.90276801874341,0.4529868518407544,31.87558178369669,24.22249363678538,38.340431886092745,3.531071691751329,3311.828,1.7931466081680485,0.8974574512077012
B0006,134,3.5129824181030385,2.3166154227865463,4.175622772952551,0.2574517653421146,-1.920054449536425,0.4172228802071439,31.5118347514424,23.93160080766445,38.521539672721865,3.630693755158074,3327.391,1.8590073501660045,0.9016747989422893
B0006,136,3.5168850509113785,2.4110989960643794,4.191559316475808,0.2416120670194253,-1.9471426719311975,0.3502884311568792,31.40763955748036,23.801856485719824,38.03707160241571,3.4734545240506987,3312.078,1.7804603204114289,0.897525197589096
B0006,140,3.5078039352141857,2.4510125175432287,4.185468369564667,0.2439208948064005,-1.9180142892549843,0.4198278487346962,31.1262752808626,23.32504476677704,37.9342856877206,3.615871748123084,3293.172,1.7344558520214384,0.8924019452424968
B0006,144,3.5021154787790696,2.471216186082459,4.184201889006967,0.243378367216149,-1.9007866994981448,0.4561987468196523,31.13909866775703,23.22751550921504,37.88470784051604,3.664728292796185,3275.328,1.7129857029245086,0.8875664795240628
B0006,148,3.50163059960821,2.470968641396993,4.185838836583766,0.2428050582505214,-1.911185149112144,0.4353196436613196,31.13925948710509,23.20127236203539,38.065368726791895,3.692721621212792,3265.016,1.7148701951867733,0.8847720767842907
B0006,150,3.5389241681784376,2.4288023941361625,4.1729165619005535,0.226899580628163,-1.993137205806977,0.1843584674777185,33.6154544357369,26.602945710082057,39.788440481350335,3.1312176624868058,3328.937,1.744114167764391,0.9020937425648347
B0006,154,3.530900102823324,2.3551430866643166,4.186882269459454,0.2399707376704359,-1.97086772552164,0.2795080556282261,32.8767752083159,25.61136673829009,39.21290317800791,3.288067322164166,3329.266,1.831739182795137,0.9021828968027502
B0006,158,3.523812889740761,2.365933525789291,4.186537777937825,0.2438032798815804,-1.9581637291845404,0.3178104514778098,32.17789475577204,24.78851122180796,38.66937823121345,3.386623363955106,3291.891,1.820604252148534,0.8920548127842299
B0006,162,3.51130951476239,2.3481961394586457,4.182282350256796,0.2482963507684193,-1.935194106601572,0.3807809113709156,31.935345788032123,24.29903895658481,38.5170065164806,3.513218643318132,3264.281,1.8340862107981504,0.88457290242299
B0006,166,3.5113538678567635,2.46945948630322,4.185961817428056,0.2408832539119852,-1.934576678496769,0.3823048744345984,31.680899485166584,23.98489574710264,38.29250529949152,3.550933005218981,3275.125,1.7165023311248355,0.8875114694623701
B0006,170,3.503572002149759,2.4666715880697576,4.1836566973224585,0.2412126101966244,-1.9059475945602629,0.4458938243580267,31.842644047698165,23.99541497188152,38.48071579012811,3.643717738173156,3265.656,1.7169851092527009,0.8849455075206613
B0006,174,3.498007244060501,2.448293126278513,4.184390004467988,0.2457282156476838,-1.8891212660215748,0.4790073718720551,32.22925499711333,24.295032488841088,38.95436345473558,3.6746111883154047,3266.093,1.7360968781894752,0.8850639281953393
B0006,178,3.495582992422966,2.4745215382882586,4.184732708741646,0.243517745925917,-1.8879509420822496,0.4807895437678052,32.02470118557349,24.10547107270791,38.73136385469604,3.667663080499887,3257.594,1.7102111704533876,0.8827608222134423
B0006,182,3.4911120119665022,2.469127855241356,4.185835940524748,0.2447960353184391,-1.8817545440205183,0.4918630632931283,31.982880937885405,23.97620032331416,38.74827601131975,3.734551280495156,3248.593,1.716708085283392,0.8803216814977045
B0006,186,3.485124540581106,2.4177173347922416,4.185703389994729,0.2483310515952371,-1.8755571610143769,0.5028056241791848,31.93461814941749,23.819965773306656,38.84227056628921,3.785834875694187,3238.766,1.7679860552024875,0.8776587067378383
B0006,190,3.475526715264219,2.3775131079338427,4.184887437252902,0.2493170590231544,-1.8535133701627295,0.5400682811496866,32.26081414773761,23.93813574784708,39.22138199620832,3.871901138619975,3230.781,1.8073743293190596,0.8754948873160889
B0006,194,3.476691838201356,2.443723814618984,4.18451874454039,0.2452060692823523,-1.8469300851644013,0.5498744450434472,32.58457048262274,24.457646201133684,39.46651089916252,3.770105683367168,3230.109,1.7407949299214058,0.8753127850428997
B0006,198,3.473631102676353,2.4324278256917147,4.184590722398005,0.2464356709644603,-1.856680505826064,0.534414127712964,32.467082602971125,24.244880453394085,39.352653481724175,3.817813336393375,3200.8120000000054,1.75216289670629,0.8673737221000092
B0006,202,3.474532775196675,2.494085641889116,4.181227276564003,0.240719542846531,-1.8277526185875037,0.5780579274168425,32.38694552721089,24.11448837545242,39.31890647034385,3.8539485005503615,3212.469,1.6871416346748864,0.8705326003716838
B0006,206,3.463228282595069,2.382347172890769,4.18244649645216,0.2492513511289049,-1.8434202917772884,0.5549571523291774,32.25764873933484,23.92892683205548,39.47196886600465,3.902098605665025,3213.219,1.800099323561391,0.8707358395158681
B0006,210,3.4643316251222926,2.406668297987779,4.183991041340736,0.2496241590632583,-1.8219632088661124,0.5871620754913608,32.58257536155603,24.06213313647768,39.74009698783903,4.014368070229918,3203.578,1.7773227433529568,0.8681232680637596
B0006,214,3.458288051730134,2.4204142690378765,4.182314825794685,0.2466795300147648,-1.8144463975794511,0.5959150801159239,32.27035173742936,24.42380807187004,39.03600072360686,3.685865252716736,3185.734,1.7619005567568085,0.8632878023453255
B0006,216,3.462747135369616,2.45078452455252,4.190985194174346,0.2473192864012163,-1.8035359238960855,0.6111007951979206,32.46331544651703,24.29784270606684,39.16106395962828,3.7957178696843736,3195.312999999994,1.7402006696218266,0.8658835726948465
B0006,220,3.4538355151672424,2.393032881923072,4.181860480163402,0.2492097433602518,-1.791066469509477,0.6268611326108983,32.3937410103569,24.115666972211724,39.20051799483514,3.854581605446489,3186.297,1.7888275982403297,0.8634403671962266
B0006,224,3.4521208257757032,2.3938995980718403,4.183449364094532,0.2497791707708539,-1.7956716037534055,0.6210862387485826,32.28180411503873,23.949350638183297,39.15878418316098,3.882142717171897,3176.438,1.7895497660226916,0.8607687208995419
B0006,228,3.450781146333252,2.4373294683003053,4.182943907496545,0.245676696815118,-1.778591666045787,0.6423674423126484,32.35440526839344,23.94684852697399,39.18225956809825,3.909486737956908,3167.593,1.74561443919624,0.8583718539257944
B0006,232,3.446679868862818,2.3705330061374523,4.182592999177517,0.2518241623322894,-1.8048409792755933,0.6095249265472114,32.4167911591115,24.029360363522056,39.38159156766375,3.949116220654461,3157.984,1.812059993040065,0.8557679540105044
B0006,236,3.4420103351506346,2.351294851260762,4.177556435498103,0.2498632310310144,-1.7707033164984387,0.6519308315371369,32.50370670189782,24.054796737761627,39.44712875501599,3.94750916127284,3159.077999999994,1.8262615842373413,0.8560644121754865
B0006,240,3.4457209358470458,2.436845595522602,4.183199732433941,0.246524958249054,-1.7865774369216405,0.6326780607806174,32.46835744677546,24.004853828853747,39.40950590627068,3.9577378481156265,3148.829,1.7463541369113391,0.8532870815238276
B0006,244,3.441043013556652,2.39030487147494,4.183585552184287,0.2450452348082365,-1.791356281298479,0.6268547073569322,32.502281170352994,23.98676553992143,39.48443326993031,3.948232638963351,3139.734,1.7932806807093464,0.8508224681686852
B0006,248,3.441324378382058,2.4892160721496315,4.183006203880009,0.2386014029411904,-1.7684853074437523,0.654506759716317,32.570814194676885,23.97265590751813,39.4416762582387,3.965653709546285,3131.188,1.6937901317303772,0.848506625867086
B0006,252,3.438537965438779,2.450611393803655,4.183501501534186,0.2412831960594208,-1.7783263013378832,0.6428037018967466,32.569311020939416,23.95941142019243,39.53866201326228,3.982129948812876,3122.188,1.7328901077305314,0.8460677561368738
B0006,256,3.4376107703322463,2.4111946043456745,4.183243008796117,0.2446713386448674,-1.7616290109940187,0.662450308305225,32.54388051235802,23.89672125029287,39.53908941159524,4.02495567934858,3121.907,1.7720484044504423,0.845991609204186
B0006,260,3.4387486253738104,2.4609139768640715,4.182038001412004,0.2405649151107843,-1.7546942785203252,0.6701614620964674,32.48961189178144,23.846991377084784,39.47674280023015,4.008132828331499,3122.125,1.721124024547933,0.8460506840487623
B0006,264,3.430371979768302,2.378420264362521,4.182440318401142,0.2487737917685905,-1.7544353055001252,0.6700789204863623,32.623858385959586,23.868790356430857,39.9686395722832,4.113358690905593,3121.672,1.8040200540386209,0.8459279276056749
B0006,266,3.442174806202228,2.3844697219937414,4.189962701965466,0.2521340228822167,-1.803325560129687,0.6113316322726566,33.14275543386908,24.45395460946014,40.42668250871336,4.103072259815061,3120.86,1.8054929799717243,0.8457078873589047
B0006,270,3.4393982044476816,2.448639661640692,4.181214475643097,0.2443557226604213,-1.7993334652735755,0.6162109012298553,32.5875694032607,23.81264716305157,40.02451449021777,4.133201636164608,3103.828,1.732574814002405,0.8410924618872407
B0006,274,3.427530079822451,2.362869757217078,4.182157933832856,0.2501717038127968,-1.7706602556700053,0.6517293190981936,32.50191770902332,23.37953304199608,40.02167483360719,4.296480053395958,3095.094,1.8192881766157776,0.8387256743068326
B0006,278,3.4315679139061297,2.479712742728869,4.1802491747767325,0.2408061399101304,-1.752378968341413,0.6729149343860279,32.620826003183545,23.483667289937664,40.07821178158415,4.27471366723843,3095.781,1.700536432047863,0.8389118413629054
B0006,282,3.431328557588449,2.460990256984241,4.182775550999248,0.2418555070412864,-1.742449575267239,0.6845354910497289,33.14181535486571,23.948764926788748,40.56578932835109,4.286950613661385,3094.328,1.7217852940150076,0.8385180993942389
B0006,286,3.4317291752027264,2.4794507375590507,4.182970513713943,0.2424761970030332,-1.7626138091359769,0.661386314427606,33.36176274898122,24.305636072230342,40.75221353269305,4.25646010231022,3086.531,1.703519776154892,0.8364052252512985
B0006,290,3.426845925690999,2.421513989921717,4.182588389688278,0.245584199436055,-1.7564346296005835,0.6685657874066031,33.29660462807629,24.16642252229391,40.71162611325717,4.284790070516645,3085.625,1.761074399766561,0.8361597123651238
B0006,294,3.4237364274432327,2.392798962354417,4.180388252515709,0.2467216962176112,-1.760184231733554,0.6640307646010039,33.04083919619982,23.980795554734595,40.58721297402195,4.253825751256035,3067.203,1.7875892901612915,0.8311676170129049
B0006,298,3.4211353681423384,2.410475236770924,4.182476201666448,0.2454786083864092,-1.7429536857218004,0.6830833753224441,32.874137256963074,23.638284377724087,40.37035790264624,4.324678029407155,3058.157,1.7720009648955242,0.8287162819485161
B0006,302,3.424354986565719,2.4915333699239977,4.182567814531136,0.2397505235398448,-1.7318261671432584,0.6953776326263582,33.18553058254344,23.829441222036376,40.667923693760464,4.373709186291782,3058.812,1.691034444607138,0.8288937774677704
B0006,306,3.422885744975672,2.444861994529003,4.182606347806988,0.242964581162492,-1.7371338769686864,0.6896451182212218,33.50589341781492,24.20984647694025,40.99035688395247,4.361380051541217,3058.578,1.7377443532779853,0.8288303668547848
B0006,310,3.4244407859564867,2.484075539808225,4.183047552179642,0.2400829108163225,-1.7253649127085635,0.701971535414461,33.57031195093766,24.27322345224107,40.99774402817452,4.348765654089919,3049.328,1.6989720123714167,0.8263237507431778
B0006,313,3.4513193151482184,2.479017302613424,4.222516216835943,0.2508449085808254,-1.83185645062276,0.5725305086946241,33.18742711121545,24.0581768445586,40.77265883698999,4.2854965132713225,3177.219,1.7434989142225188,0.8609803605950193
B0006,316,3.4486586610843903,2.4820670710190385,4.1909374470770855,0.2433804153598532,-1.8269995094130689,0.5798826363080581,33.35146624696564,24.676724380143,40.52220493430463,4.074043295045666,3082.937,1.708870376058047,0.835431303272367
B0006,320,3.4380324901317683,2.452449045714353,4.1828124049147695,0.2415435331634391,-1.828967154654728,0.5764744585545502,33.38819209672596,24.71374963671338,40.57746834859555,4.0776303292811,3064.484,1.7303633592004166,0.8304308073688552
B0006,324,3.435811388803437,2.4198491932573414,4.1838942747302825,0.2446266975551694,-1.793389494184829,0.624076841575691,33.23437060006691,24.452648939888725,40.516963879873735,4.136341733410294,3066.0,1.7640450814729411,0.8308416214256332
B0006,328,3.429840821418336,2.4706823501191706,4.183847567326402,0.2388857633954439,-1.7803910188492678,0.6402769752915156,33.15386395359162,24.22465149338904,40.34325381638243,4.15083608198527,3056.437,1.7131652172072314,0.8282501868445199
B0006,332,3.426692284797717,2.413759774558071,4.183640209073579,0.2457046054054804,-1.7735495266137633,0.6487157742150145,33.07771293289658,24.10781801916288,40.39341126895154,4.229914876065242,3038.422,1.7698804345155086,0.8233683826012118
B0006,336,3.4287650988952327,2.4562499847243027,4.183387047926521,0.2423135811948282,-1.7666343284850474,0.6567558173423073,33.13214353717598,24.152350848480747,40.46341487442664,4.209710699660836,3039.218,1.7271370632022185,0.8235840870795728
B0006,340,3.42460118085581,2.401794655879554,4.18356344388626,0.2457765839752395,-1.7602664360342115,0.664082152652745,33.2063456208539,24.1926071662797,40.5818264138806,4.22298643782798,3039.047,1.7817687880067057,0.8235377485546987
B0006,344,3.4225220439803974,2.408768723613332,4.18171248971767,0.2454611953124165,-1.7586378033060368,0.6658350567752381,33.23554630728377,24.23860985559645,40.61670777074496,4.233029100762964,3030.375,1.7729437661043383,0.8211877620768765
B0006,348,3.422662684189545,2.4308118485818704,4.1832473219705815,0.2435638365615435,-1.7523398777431003,0.6729592977995714,33.26543793173941,24.191028062692588,40.63164766168104,4.251948402616102,3021.0,1.752435473388711,0.818647272774572
B0006,352,3.4205288629336974,2.398886415333129,4.183049768329545,0.244912738528588,-1.76254807446368,0.6613899691371437,33.30967684363523,24.226474805349635,40.70770705131733,4.27843993728186,3021.75,1.7841633529964165,0.8188505119187564
B0006,356,3.414892968351446,2.3814379490849835,4.182593253160388,0.2426756254850863,-1.739636968305804,0.6866842556966469,33.43309816330072,24.22178922960351,40.81715493531611,4.284222152014301,3012.265,1.801155304075405,0.8162802142086383
B0006,360,3.4162574919694797,2.459885297095542,4.181536580807847,0.2381163593097118,-1.743477844147103,0.682774399823415,33.40443142692858,24.21808498792451,40.72877617289365,4.275909719856201,3002.641,1.7216512837123048,0.8136722495104647
B0006,364,3.416752362626578,2.4007285025453995,4.172034399629829,0.2420466269694719,-1.7390787845202156,0.6877631648594723,33.698331070440204,24.266994666970984,41.45494452672042,4.47011278883909,3012.0,1.771305897084429,0.8162084030443598
B0006,367,3.4287864173605698,2.472830716079143,4.188414901645319,0.2392536385373274,-1.7990080672850266,0.6176895128855905,33.99067028696002,25.01910301548428,41.39678877103747,4.204940890759034,3010.735,1.715584185566176,0.8158656063545022
B0006,371,3.425353151622554,2.467318928642863,4.181499335679726,0.2402375267359549,-1.7454260740911494,0.6808078217819782,33.96416650373328,24.81713061500866,41.36669473718026,4.296916459995088,3002.172000000006,1.7141804070368631,0.8135451572989697
B0006,375,3.416829385299288,2.3692462667541,4.179546243153898,0.246543728394386,-1.749101222106857,0.676572356186031,33.85006217268304,24.66015421423191,41.37787352037061,4.349003466031212,2992.703,1.810299976399798,0.8109791953572592
B0006,379,3.4173274129402227,2.4482618595124874,4.18101558225098,0.2423579795196925,-1.7527441659902576,0.672122154365875,33.646906006817225,24.417272340572964,41.14095609169821,4.358815046336059,2964.468,1.7327537227384928,0.8033279190425322
B0006,383,3.417333220579712,2.4598632768748825,4.182667734360821,0.2407653630666244,-1.7249990425640067,0.7027854603428932,33.730479907922216,24.34226965648951,41.2168813199875,4.401861414551609,2983.375,1.722804457485939,0.808451442374657
B0006,387,3.419503401691381,2.497869764845928,4.179947555799937,0.2378966771563296,-1.7230911757093597,0.7045551101397055,33.98566671305918,24.68862064835225,41.40391881889191,4.364242619026278,2975.297,1.682077790954009,0.8062624212990288
B0006,391,3.419664692811613,2.472236707252471,4.182316086490744,0.2397985177203151,-1.7171956873400052,0.7101101836675133,34.14150793478956,24.83379380277289,41.58657133119858,4.352213992048759,2974.9850000000006,1.7100793792382727,0.8061778738150482
B0006,395,3.411185892355487,2.427874990476308,4.182453793427935,0.2403379789827582,-1.732708592956352,0.6940539891498446,33.9510257608063,24.57103473631572,41.43504077863728,4.36133322148065,2966.25,1.7545788029516265,0.8038108152491144
B0006,399,3.4124064574244226,2.427590520023505,4.182504606082063,0.2429211433430461,-1.710059722576661,0.7172225313023589,33.82849355478063,24.35845427718724,41.37436880579148,4.43453105583675,2956.359,1.7549140860585584,0.801130497415611
B0006,403,3.4087745580509408,2.37337869163978,4.179533028548021,0.240722577300707,-1.714895383423347,0.7130584070244402,34.10084957498419,24.6289343728223,41.66477948989921,4.403292316478859,2956.344,1.806154336908241,0.8011264326327274
B0006,407,3.411543263322673,2.4248604132549767,4.18250512422575,0.238868509219633,-1.7090909161018943,0.7182348844932924,34.367525774021445,24.909754999886925,41.81816829502593,4.384111630515825,2947.0,1.757644710970773,0.7985943438817159
B0006,411,3.413171023601248,2.426962848243194,4.1828227593786,0.2431581767691421,-1.707999383698716,0.7193009477816414,34.184832365689,24.777867901281315,41.68664700078119,4.404490188205905,2947.266,1.7558599111354058,0.7986664260315199
B0006,415,3.405525737100656,2.417287750352038,4.182413969607667,0.2415033920202288,-1.7347415044263912,0.6922249657677413,34.01169224271393,24.55493670403353,41.565382893773936,4.4288528357158174,2937.984,1.7651262192556296,0.7961511383830944
B0006,419,3.406174988143347,2.4185087281747166,4.182411904002977,0.2406794240821827,-1.7117873492996083,0.7159429036455082,33.891377677310075,24.326424207262512,41.46394809540406,4.4452648357284845,2929.125,1.76390317582826,0.7937504776119888
B0006,423,3.4138282685979364,2.480937393224248,4.181305580928812,0.2388113292174305,-1.7054495825857738,0.722165301189183,34.07833127509634,24.575299028638764,41.58325152286086,4.444782478823285,2928.454,1.7003681877045635,0.7935686463243253
B0006,427,3.4076544372200024,2.4078214169511205,4.180110659212056,0.240414231207524,-1.7111859072277638,0.7168222379572955,34.486594358556104,24.99358333741764,42.0075404495327,4.4221356408673085,2929.375,1.772289242260935,0.7938182239933836
B0006,431,3.4145737950220054,2.433234589649132,4.163570261072192,0.2384952766854204,-1.7267071837253116,0.7007640753480397,34.20048727904731,25.141147272482755,41.61679232360952,4.296848387861472,2946.031,1.7303356714230604,0.7983317589074297
B0006,433,3.42409525799815,2.440822893388958,4.190012868765637,0.2426991745906421,-1.752507125363437,0.6733827046832579,34.3384889800228,25.16934934625116,41.80245062827161,4.300223438556861,2955.438,1.7491899753766784,0.8008809197465527
B0006,437,3.413286814776603,2.396078253891397,4.182418011462176,0.2452215185339482,-1.7318586853912297,0.6951354090186312,34.1409162998884,24.82143821287872,41.653004783464006,4.390850098504412,2937.625,1.7863397575707791,0.7960538545794115
B0006,441,3.41357386968229,2.449306948268824,4.182070839014939,0.2432826492709705,-1.7234432324047992,0.7037186865753791,33.8122274751014,24.44823164208337,41.36061809844917,4.394529930961145,2929.078,1.732763890746115,0.7937377412922866
B0006,445,3.4080415033015243,2.384185417166802,4.182701902443236,0.2468203065158773,-1.7114526260154732,0.7157875794677071,33.82526957161115,24.316938949769007,41.42815616511055,4.468758454661305,2908.578,1.7985164852764344,0.7881825380179143
B0006,449,3.410880873048977,2.4440756213040964,4.182270325485355,0.243406814638709,-1.6982784734072387,0.7282076050316436,33.79931094182063,24.29935828307596,41.343265645039,4.445297753121276,2919.812,1.7381947041812589,0.7912267894122703
B0006,453,3.404348199503381,2.429601429477468,4.182365159246089,0.2416030594236856,-1.7254492171419449,0.7017802246433152,33.797770239359984,24.25578525763593,41.38118673567723,4.456934421672455,2890.969,1.7527637297686214,0.7834107538979913
B0006,457,3.4094564846209106,2.41022288115442,4.182061947471753,0.2455952262828029,-1.7074062183567165,0.7197240742390042,33.72020362123511,24.22667614097166,41.33288091955599,4.439857359894612,2901.375,1.7718390663173325,0.7862306292771678
B0006,461,3.406896198129957,2.4098927032454966,4.182288987105723,0.247450717792864,-1.7007893058586898,0.7260457707013896,33.63334415081371,24.08401483096836,41.306600641009794,4.463059692537092,2901.187,1.7723962838602263,0.7861796839983589
B0006,465,3.410191324130312,2.453938411405305,4.179662143533188,0.2433429456874106,-1.6821415915770963,0.7435622678007492,33.58795818777598,24.032744419693664,41.20408103671912,4.446874711515132,2891.64,1.7257237321278835,0.7835925851856549
B0006,469,3.402880434940002,2.3940396792395253,4.181392635232333,0.2486008745091807,-1.7046733827123577,0.7226633784787019,33.63370824160055,24.035049734679703,41.32955629442644,4.516859094458727,2873.172,1.787352955992808,0.7785880244992595
B0006,473,3.404123312151975,2.45134737470238,4.181883861516496,0.2422587019620214,-1.720583637199418,0.7066667297524191,33.616842759108536,24.06713329126122,41.300370296451625,4.442356527056405,2883.265,1.7305364868141164,0.7813230814089296
B0006,477,3.4051720311722997,2.475014603796582,4.18196868279534,0.240991435654792,-1.6910443514201692,0.7353210253602995,33.62907599818407,23.996723972247743,41.2436462295636,4.460426263638109,2873.547,1.7069540789987578,0.7786896440713515
B0006,481,3.4065161818931062,2.4569179775419294,4.167718104730343,0.2390753549790193,-1.7033224460571423,0.7235664832918867,33.93776983443547,24.663353868241057,41.36464929786556,4.314794773841113,2882.265,1.710800127188414,0.7810520958833505
B0006,483,3.413599123935862,2.438240626221148,4.1901092209827935,0.2414922436937062,-1.7028648715371808,0.7241355917901798,33.83966963274385,24.805357555777945,40.89285784811417,4.144446044797417,2901.25,1.7518685947616457,0.7861967560864704
B0006,485,3.416234249533583,2.4946397780995584,4.187196878135145,0.2427234068611132,-1.704414965827046,0.7227101443201388,33.51916213732116,24.568710436075083,40.62954678107,4.152844767410463,2891.703,1.6925571000355868,0.7836096572737664
B0006,489,3.404098551116137,2.4367455144223555,4.182103099818312,0.2438418452056361,-1.7135299407608195,0.7135032619602532,33.417055994165715,24.31527104664317,40.58410707337388,4.207375758289629,2883.016,1.7453575853959569,0.7812556060130604
B0006,493,3.4082056709613275,2.485868996808533,4.1822817387062585,0.2450851614688556,-1.6890347443248637,0.737258902157108,33.14763960447862,24.0037960039902,40.322783635307104,4.241350971257639,2873.453,1.6964127418977255,0.7786641714319471
B0006,497,3.406057944650006,2.395755020190792,4.181394192711236,0.2493643023299922,-1.6780463772679202,0.7475092435558053,33.54087434480634,24.35910018105313,40.78032921971219,4.271239193107779,2874.031,1.7856391725204444,0.7788208010657319
B0006,501,3.4094045617240387,2.4504684570147006,4.181892633123134,0.2429818896389968,-1.671186697416418,0.7533801788397582,33.74281752252623,24.62177339088948,40.85731522464202,4.162708357128058,2874.234,1.7314241761084332,0.7788758111274244
B0006,505,3.405513486630767,2.3942028718004007,4.181210531150237,0.2505885663569594,-1.670021010143895,0.7543026488355068,33.52580236197081,24.362440700162463,40.74860220857894,4.24044090219691,2864.984,1.787007659349836,0.7763691950158175
B0006,509,3.4019477713129023,2.4303844034459368,4.179849355700932,0.245395453267789,-1.6676930058251356,0.7560719155802426,33.26911000449951,24.05828833813684,40.47227623020844,4.235359980897572,2855.093,1.749464952254995,0.7736888771823142
B0006,513,3.4096070318299097,2.4755630989048205,4.181641969595387,0.2469238475658558,-1.644741709846522,0.7761852899959966,33.09416441038586,23.84003655190612,40.28187574900838,4.244845428718525,2855.625,1.7060788706905663,0.7738330414819223
B0006,517,3.405933710838807,2.446712151873903,4.1818501497507565,0.2484411955339182,-1.661363479484432,0.7623428842575163,33.40147794245547,24.11614509838886,40.637565231244686,4.30020612427193,2855.594,1.7351379978768535,0.7738246409306294
B0006,521,3.405974847450337,2.4607112018206894,4.181631106163372,0.2449565573981553,-1.6711252716034486,0.7535951187104748,33.4355494840299,24.2483754316006,40.64243349478575,4.209568526102549,2847.437,1.7209199043426824,0.7716142119984803
B0006,525,3.4067954173580124,2.46197885229738,4.178725976011113,0.2491190302732453,-1.6409317756015476,0.7791839096600957,33.18158970842734,23.97276387413658,40.38713367022122,4.244347402092086,2847.36,1.7167471237137328,0.7715933461130108
B0006,529,3.405267181194985,2.4999079970509284,4.181148894438262,0.2486584774207426,-1.6562365972656143,0.7663746984119021,32.915146537124976,23.67821307261489,40.15316398972329,4.274776621824024,2837.328,1.681240897387334,0.7688748193204008
B0006,533,3.401429589064223,2.4061574188511727,4.181246648937272,0.2505597526946016,-1.639835771071208,0.779970240909523,32.94901047102217,23.532532487364804,40.26211669866818,4.283277066240562,2837.281,1.775089230086099,0.7688620830006986
B0006,537,3.405019360634236,2.40921365026611,4.182124874468928,0.253765502653949,-1.634369553213627,0.7846894188988104,33.266493016378725,23.900390232503312,40.65437976632703,4.320003398826231,2838.515,1.7729112242028182,0.7691964791392633
B0006,541,3.4066125888956567,2.4705399687343235,4.179545017207998,0.2502462808052507,-1.637578790859276,0.7822745406609756,33.18584337072475,23.92716190106188,40.41021687551566,4.259816977836218,2808.719,1.7090050484736743,0.7611221944191073
B0006,545,3.410043835916633,2.4996841687041944,4.164241788212258,0.2460104311334476,-1.6223909961009086,0.7941532608356764,33.07152919259775,23.56322177792888,40.49521984011741,4.36536281130798,2838.265,1.6645576195080634,0.7691287327578684
B0006,548,3.4183137422240466,2.4839695531514434,4.189238693156103,0.2473894256323502,-1.6528805147781405,0.7696709076275028,33.7646208251051,24.18298607119453,41.357879741754175,4.453070613685468,2864.547,1.7052691400046591,0.7762507743411393
B0006,552,3.413964898901355,2.4675402264113453,4.180842923747738,0.2488082154850269,-1.6302435773261694,0.7879220854505115,33.785356545045786,24.13790128994837,41.37902988743146,4.468240092612217,2846.39,1.7133026973363927,0.771330490153199
B0006,556,3.410594270457933,2.4946438160388325,4.181032942784607,0.2450082440284062,-1.626441074602594,0.7907993563877299,33.65313914312215,23.963097388160715,41.20920760771975,4.445119191479033,2837.969,1.6863891267457745,0.769048521042297
B0006,560,3.41173062769114,2.4577382116375843,4.1798277092808815,0.2520263316349687,-1.6022620577364304,0.8094827420315025,33.56358069695396,23.85096067907487,41.20630554355683,4.483612802437752,2838.156,1.7220894976432972,0.7690991953355804
B0006,564,3.4060771448597547,2.40986495422137,4.180792839927961,0.2558856135035687,-1.6115315115821345,0.8026152350859871,33.54492071293026,23.75303412345965,41.28239317323536,4.54919931888034,2829.843,1.770927885706591,0.766846492661441
B0006,568,3.4128144411934977,2.479418189447868,4.181365190126037,0.25219858009178,-1.5980158673338531,0.8125265349287866,33.46290219173891,23.71579098948608,41.13437879927637,4.496346101296709,2829.625,1.7019470006781692,0.7667874178168648
B0006,572,3.406872223955697,2.434585389303289,4.180594670510683,0.2566753184066182,-1.607423561540022,0.8055290268225339,33.475242056989515,23.759120931060004,41.230427315370186,4.515313548438387,2819.437,1.7460092812073935,0.7640266172822645
B0006,576,3.4065679809396454,2.425682710641569,4.181424135030176,0.2583462593861037,-1.6059520521086263,0.8064149886801824,33.41887170988594,23.66231577866041,41.21487873613708,4.521351858026767,2819.579,1.7557414243886074,0.7640650972268968
B0006,580,3.4029771768522945,2.417924401749313,4.181921994951423,0.2553267919165898,-1.599252942585985,0.8116792544240975,33.5128306428832,23.66168794896562,41.27439823262361,4.530929122671942,2810.672,1.7639975932021097,0.7616514291505634
B0006,584,3.408803431897227,2.4541577949851603,4.179593598747663,0.2569095055038481,-1.580246814271204,0.8254325890105264,33.49339474152686,23.71646710308953,41.237668013317766,4.526560796220997,2811.485,1.7254358037625024,0.7618717403828592
B0006,588,3.409432127350729,2.463616101176541,4.180557596235595,0.2535506169617628,-1.5679833764982165,0.8335928557731328,33.574726337615544,23.75283925140291,41.24068073261839,4.471381285581208,2793.031,1.7169414950590545,0.7568709734938218
B0006,592,3.4125450682819505,2.470375229475307,4.181414159913002,0.2571612570903692,-1.555716218902401,0.8416856016467468,33.6057619840594,23.80606714012504,41.28133907077437,4.5034995600174526,2801.625,1.7110389304376952,0.7591998231006489
B0006,596,3.4093500791488647,2.4357634426689945,4.180815073540562,0.2568787111051874,-1.5866027746832412,0.8207175179654881,33.457719336149445,23.71352691261309,41.23744939089352,4.445600006220543,2802.031,1.7450516308715676,0.759309843224034
B0006,600,3.4079439665416205,2.481190011798763,4.1697037841892834,0.2580958721202261,-1.5644124255416818,0.836251073328183,33.37285292611264,23.707339766856947,41.14919304328959,4.491832345444654,2793.39,1.6885137723905204,0.7569682572975047
B0006,604,3.413190948528781,2.491537251958465,4.1801955625188665,0.2553083232093564,-1.5394079276695454,0.8522505804992307,33.585556014727054,23.7927805786386,41.26268252018065,4.43925896453204,2784.031,1.6886583105604016,0.7544321037636096
B0006,608,3.409620613780152,2.40904100737121,4.181170015245673,0.264323374174818,-1.5393446417963934,0.8523064080168198,33.64255600478359,23.802896883148367,41.45791806300034,4.528907067866545,2792.485,1.772129007874463,0.7567230153968556
B0006,612,3.419700177568569,2.475767645530351,4.1575524997258,0.2533363813667734,-1.539131085939872,0.8526242406974829,33.730546074122294,24.698597962486065,41.11666214070682,4.174064196950923,2802.016,1.6817848541954494,0.7593057784411504
B0006,614,3.421687997247504,2.4160441724133666,4.188511527828155,0.263341082389902,-1.5635373867466444,0.8373790983314083,33.842422917146855,24.907725860706154,41.36263766174168,4.077995937938911,2820.39,1.772467355414788,0.7642848664881414
